titulo,data,descricao,categoria,descricaoRaw,matches,resultadoCount,resultadoJaccard,resultadoTfIdf
Bolsonaro é intimado pela PF para depor em caso de discussão sobre golpe com empresários,22/08/2023 - 19:37,"['ex-presid', 'repúbl', 'jair', 'bolsonar', 'pl', 'intim', 'políci', 'feder', 'pf', 'nov', 'dest', 'vez', 'convoc', 'prest', 'depo', 'investig', 'sobr', 'cas', 'empres', 'discut', 'golp', 'est', 'mens', 'whatsapp', 'oitiv', 'prev', '31', 'agost']",economia,"O ex-presidente da República Jair Bolsonaro (PL) foi intimado pela Polícia Federal (PF) novamente. Desta vez, a convocação é para ele prestar depoimento na investigação sobre o caso de empresários que discutiram golpe de Estado em mensagens de WhatsApp. A oitiva está prevista para 31 de agosto.",[],economia,economia,economia
Por que a tradicional cor dos ônibus de Joinville vai mudar,22/08/2023 - 19:31,"['cor', 'amarel', 'ônibu', 'joinvill', 'modific', 'independ', 'vitori', 'licit', 'transport', 'cole', 'lanç', 'fever', '2024', 'prefeit', 'pretend', 'utiliz', 'tom', 'bande', 'joinvill', 'escolh', 'layout', 'ônibu', 'futur', 'contrat', 'transport', 'cole', 'feit', 'mei', 'pesquis', 'junt', 'popul', 'consult', 'dev', 'feit', 'aind', 'nest', 'ano']",outros,"A cor amarela dos ônibus de Joinville será modificada, independentemente de quem seja vitorioso na licitação do transporte coletivo, a ser lançada até fevereiro de 2024. A prefeitura pretende utilizar tons da bandeira de Joinville. A escolha dos layouts dos ônibus, no futuro contrato do transporte coletivo, será feita por meio de pesquisa junto à população. A consulta deve ser feita ainda neste ano.",[],economia,economia,economia
Mulheres serão maioria dos palestrantes no Startup Summit 2023,22/08/2023 - 19:00,"['nest', 'quarta-f', 'part', '13h', 'abr', 'centrosul', 'startup', 'summit', '2023', 'fat', 'nov', 'event', 'prim', 'vez', 'númer', 'mai', 'mulh', 'palestr', '70', 'particip', 'feminin', 'palestr', 'talk', 'ment', 'obje', 'incentiv', 'mai', 'particip', 'feminin', 'empreendedor', 'profiss', 'áre']",outros,"Nesta quarta-feira, a partir das 13h, abre no Centrosul o Startup Summit 2023. Um dos fatos novos do evento é que pela primeira vez, terá um número maior de mulheres entre os palestrantes. Serão mais de 70 participações femininas entre palestras, talks e mentorias, com o objetivo de incentivar maior participação feminina no empreendedorismo ou como profissionais da área.",[],economia,turismo,economia
Veja como utilizar o azul na decoração,22/08/2023 - 19:00,"['divers', 'tom', 'signific', 'possibil', 'assim', 'process', 'decor', 'utiliz', 'azul', 'cor', 'conhec', 'transmit', 'tranquil', 'seren', 'proporc', 'sens', 'calm', 'log', 'prim', 'vist', 'remet', 'mar', 'céu', 'natur', 'influ', 'tão', 'posi', 'traz', 'dentr', 'cas', 'sens', 'fresc']",outros,"Diversos tons, significados e possibilidades. Assim é o processo de decoração que utiliza o azul. Essa cor, conhecida por transmitir tranquilidade e serenidade, proporciona uma sensação de calma logo à primeira vista. Remete ao mar, ao céu e à natureza e, por isso, tem essa influência tão positiva: traz para dentro de casa a sensação de frescor.",[],turismo,turismo,turismo
Quais os critérios para definir vencedor da licitação do ônibus em Joinville,22/08/2023 - 18:55,"['princip', 'critéri', 'escolh', 'empr', 'consórci', 'venc', 'licit', 'transport', 'cole', 'joinvill', 'val', 'tarif', 'lev', 'oferec', 'men', 'val', 'pass', 'desd', 'comprov', 'viabil', 'propost', 'necess', 'pag', 'outorg', 'prefeit', 'quest', 'cruc', 'concorr', 'porqu', 'vincul', 'dív', 'municípi', 'atual', 'empr', '–', 'previs', 'edit', 'determin', 'justiç', 'possibil', 'recurs', 'edit', 'licit', 'dev', 'lanç', 'fever', '2024', 'prefeit', 'apresent', 'nov', 'model', 'nest', 'terça-f', 'prim', 'licit', 'transport', 'cole', 'joinvill']",economia,"O principal critério para a escolha da empresa ou consórcio vencedor da licitação do transporte coletivo de Joinville será o valor da tarifa: leva quem oferecer o menor valor da passagem, desde que comprove a viabilidade da proposta. Também há necessidade de pagamento de outorga à prefeitura, uma das questões cruciais da concorrência porque há vinculação com a dívida do município com as atuais empresas – essa previsão no edital foi determinada pela Justiça, sem mais possibilidades de recursos. O edital de licitação deve ser lançado até fevereiro de 2024. A prefeitura apresentou o novo modelo nesta terça-feira. Será a primeira licitação do transporte coletivo de Joinville.",[],economia,economia,economia
ATL DAY: Fim de semana tem show gratuito do Dazaranha em Criciúma,22/08/2023 - 14:21,"['assunt', 'divers', 'tod', 'famíl', 'pod', 'cont', 'rádi', 'atlânt', 'melhor', 'vib', 'fm', 'traz', 'criciúm', 'sáb', '2', 'setembr', 'dia', 'reg', 'músic', 'gastronom', 'art', 'line-up', 'cont', 'show', 'band', 'dazaranh', 'nov', 'atr', 'anunci', 'brev', 'event', 'entr', 'gratuit', 'acontec', '11h', '22h', 'parqu', 'municip', 'prefeit', 'alta', 'guid']",turismo,"Quando o assunto é diversão para toda a família, pode contar com a Rádio Atlântida. A melhor vibe do FM traz para Criciúma no sábado, 2 de setembro, um dia regado a música, gastronomia e arte . O line-up já conta com o show da banda Dazaranha, mas novas atrações serão anunciadas em breve. O evento com entrada gratuita acontece das 11h às 22h no Parque Municipal Prefeito Altair Guidi.   ",[],turismo,turismo,turismo
Insuficiência cardíaca: entenda a condição e as opções de tratamento,22/08/2023 - 18:30,"['intern', 'iníci', 'agost', 'dev', 'insufici', 'card', 'apresent', 'faust', 'silv', 'após', 'pior', 'quadr', 'agor', 'aguard', 'fil', 'transpl', 'coraçã', 'segund', 'inform', 'divulg', 'hospit', 'israelit', 'albert', 'einstein', 'doming', '20', 'situ', 'faust', 'levant', 'séri', 'dúv', 'sobr', 'cond', 'afet', 'cerc', '3', 'milhã', 'brasil', 'acord', 'sociedad', 'brasil', 'cardiolog']",saude,"Internado no início de agosto devido a uma insuficiência cardíaca, o apresentador Fausto Silva, após uma piora no quadro, agora aguarda na fila para um transplante de coração, segundo informações divulgadas pelo Hospital Israelita Albert Einstein no domingo (20). A situação de Faustão levantou uma série de dúvidas sobre a condição, que afeta cerca de 3 milhões de brasileiros, de acordo com a Sociedade Brasileira de Cardiologia.",[],saude,saude,saude
"Joinville planeja transporte para deficientes com vans, carros e viagens agendadas pelo celular",22/08/2023 - 18:22,"['prefeit', 'joinvill', 'planej', 'adicion', 'vam', 'carr', 'transport', 'efici', 'respons', 'locomov', 'pesso', 'defici', 'pcd', 'cidad', 'propost', 'dev', 'coloc', 'prát', 'lanç', 'edit', 'licit', 'transport', 'cole', 'previst', 'fever', '2024']",saude,"A prefeitura de Joinville planeja adicionar vans e carros para o transporte eficiente, responsável por locomover Pessoa com Deficiência (PcD) na cidade. A proposta deve ser colocada em prática com o lançamento do edital para a licitação do transporte coletivo, previsto para fevereiro de 2024.",[],economia,economia,turismo
O que pode acontecer se o jogador chutar a bandeirinha de escanteio a partir de agora,22/08/2023 - 17:51,"['chef', 'arbitr', 'confeder', 'brasil', 'futebol', 'cbf', 'wilson', 'senem', 'explic', 'entrev', 'proced', 'indic', 'árbitr', 'cas', 'jog', 'chut', 'bande', 'escantei', 'dur', 'comemor', 'gol']",esporte,"O chefe de arbitragem da Confederação Brasileira de Futebol (CBF), Wilson Seneme, explicou em entrevista qual é o procedimento indicado aos árbitros, em caso dos jogadores chutarem a bandeirinha de escanteio durante a comemoração de um gol.",[],esporte,esporte,esporte
MPF pede revogação de decreto que proíbe indígenas de falarem na língua materna em cidade de SC,22/08/2023 - 17:39,"['minist', 'públic', 'feder', 'através', 'procur', 'repúbl', 'blumenau', 'deu', 'praz', 'quatr', 'dia', 'prefeit', 'josé', 'boiteux', 'ada', 'antoni', 'stollmei', 'revog', 'alt', 'decret', 'determin', 'soment', 'língu', 'portugu', 'fal', 'repart', 'públic', 'municip', 'conform', 'procur', 'lucy', 'marin', 'pep', 'affons', 'obje', 'evit', 'emb', 'serv', 'indígen', 'dialog', 'si', 'língu', 'matern', 'sempr', 'assim', 'desej', 'entend', 'necess', 'trat', 'reun', 'instituc']",economia,"O Ministério Público Federal, através da Procuradora da República em Blumenau, deu prazo de quatro dias para que o prefeito de José Boiteux, Adair Antonio Stollmeier, revogue ou altere o decreto em que determina que somente a língua portuguesa seja falada nas repartições públicas municipais. Conforme a procuradora Lucyana Marina Pepe Affonso, o objetivo é evitar embaraços para que servidores indígenas dialoguem entre si em sua língua materna, sempre que assim desejarem ou entenderem necessário, mesmo que se trate de reuniões institucionais.",[],economia,economia,saude
"Zagueiro Felipe Silva, do Avaí, está a caminho do Gil Vicente, de Portugal",22/08/2023 - 17:31,"['negoci', 'avaí', 'gil', 'vicent', 'zagu', 'felip', 'silv', 'lip', 'apen', 'algum', 'detalh', 'final', 'motiv', 'atlet', 'viaj', 'deleg', 'avai', 'maceió-', 'ond', 'avaí', 'enfrent', 'nest', 'quart', 'crb', 'séri', 'b', 'campeonat', 'brasil', '2023']",esporte,"A negociação Avaí e Gil Vicente, pelo zagueiro Felipe Silva, o Lipe, está por apenas alguns detalhes para ser finalizada. Por este motivo o atleta não viajou com a delegação avaiana para Maceió-AL, onde o Avaí enfrenta nesta quarta o CRB, pela Série B do Campeonato Brasileiro 2023.",[],esporte,esporte,esporte
Festival Bom Gourmet movimenta o inverno no litoral de Santa Catarina,22/08/2023 - 12:13,"['bom', 'gourmet', 'mai', 'event', 'gastronôm', 'reg', 'sul', 'brasil', 'cheg', 'litor', 'sant', 'catarin', 'cidad', 'escolh', 'algum', 'princip', 'destin', 'procur', 'turist', 'balne', 'camboriú', 'receb', '2º', 'ediç', 'festiv', 'florianópolil', 'receb', '1ª', 'ediç', 'event', 'acontec', 'form', 'paralel', 'ambas', 'dia', '18', 'agost', '10', 'setembr']",turismo,"O Bom Gourmet, maior evento gastronômico da região Sul do Brasil, chega ao litoral de Santa Catarina. As cidades escolhidas são alguns dos principais destinos procurados pelos turistas: Balneário Camboriú, que recebe a 2º edição do festival, e Florianópolis, que está recebendo a 1ª edição. O evento acontece de forma paralela em ambas, entre os dias 18 de agosto e 10 de setembro. ",[],turismo,turismo,turismo
Descubra como manter uma pele saudável aos 50 anos,22/08/2023 - 17:30,"['process', 'envelhec', 'constitu', 'etap', 'faz', 'part', 'vid', 'acompanh', 'séri', 'modific', 'pel', 'muit', 'pesso', 'enfrent', 'divers', 'transform', 'pod', 'impact', 'autoest', 'result', 'queix', 'rug', 'flacid', 'outr', 'sinal', 'vis', 'matur']",saude,"O processo de envelhecimento constitui uma etapa que faz parte da vida, acompanhada por uma série de modificações na pele. Muitas pessoas enfrentam diversas transformações que podem impactar a autoestima, resultando em queixas, como rugas, flacidez e outros sinais visíveis de maturidade.",[],saude,saude,saude
Empresa de TI de SC fundada por gêmeos é adquirida pela americana Howdy.com,22/08/2023 - 17:25,"['fund', '2015', 'gême', 'tom', 'cels', 'ferrar', 'geekhunt', 'florianópolil', 'especi', 'recrut', 'seleç', 'profiss', 'áre', 'tecnolog', 'adquir', 'americ', 'howdycom', 'val', 'negóci', 'revel', 'junt', 'projet', 'receit', 'anual', 'r', '175', 'milhã', '2024']",economia,"Fundada em 2015 pelos gêmeos Tomás e Celso Ferrari, a GeekHunter, de Florianópolis,  especializada em recrutamento e seleção de profissionais da área de tecnologia, foi adquirida pela americana Howdy.com. O valor do negócio não foi revelado, mas juntas elas projetam receita anual de R$ 175 milhões em 2024.",[],economia,economia,economia
Licitação do transporte em Joinville prevê novo terminal e ônibus com internet e ar condicionado,22/08/2023 - 17:17,"['avanç', 'process', 'inédit', 'licit', 'transport', 'cole', 'prefeit', 'joinvill', 'anunci', 'nest', 'terça-f', '22', 'med', 'tom', 'sistem', 'mobil', 'simob', 'futur', 'serviç', 'edit', 'dev', 'lanç', 'fever', '2024', '50', 'ano', 'empr', 'gidion', 'transtus', 'trabalh', 'cidad', 'mei', 'concess']",economia,"Para avançar no processo inédito de licitação do transporte coletivo, a prefeitura de Joinville anunciou nesta terça-feira (22) medidas que serão tomadas pelo Sistema de Mobilidade (Simob) para o futuro do serviço e que o edital deve ser lançado em fevereiro de 2024. Há 50 anos, as empresas Gidion e Transtusa trabalham na cidade por meio de concessões. ",[],economia,economia,saude
5 dicas para eliminar peso de forma saudável,22/08/2023 - 17:15,"['busc', 'estil', 'vid', 'saud', 'tornou-s', 'tend', 'brasil', 'cad', 'vez', 'atent', 'qual', 'vid', 'prát', 'exercíci', 'físic', 'segund', 'dad', 'plataform', 'getninj', 'aplic', 'contrat', 'serviç', 'soment', 'julh', 'dest', 'ano', '2023', 'aument', 'cerc', '23', 'busc', 'nutr', 'compar', 'mê', 'anteri']",saude,"A busca por um estilo de vida saudável tornou-se tendência entre os brasileiros, que estão cada vez mais atentos à qualidade de vida e à prática de exercícios físicos. Segundo dados da plataforma GetNinjas, aplicativo de contratação de serviços, somente em julho deste ano (2023) houve um aumento de cerca de 23% na busca por nutricionistas, em comparação com o mês anterior.",[],saude,saude,saude
História de catarinense que perdeu viagem para Paris após suspensão da 123 milhas é tema do SC em 5 minutos,22/08/2023 - 17:08,"['ediç', 'podcast', 'sc', '5', 'minut', 'dest', 'terça-f', '22', 'cont', 'histór', 'catarin', 'perd', 'viag', 'paril', 'após', 'suspens', '123', 'milh', 'advog', 'brun', 'tomazell', 'silv', '24', 'ano', 'ganh', 'pass', 'pres', 'namor', 'viag', 'tod', 'planej']",turismo,"A edição do podcast SC em 5 minutos desta terça-feira (22) conta a história de uma catarinense que perdeu uma viagem para Paris após a suspensão da 123 milhas. A advogada Bruna Tomazelli Silva, de 24 anos, ganhou a passagem de presente do namorado e já tinha a viagem toda planejada.",[],turismo,turismo,turismo
I Fashion Outlet conta com Programa de Fidelidade,21/08/2023 - 17:22,"['pens', 'recompens', 'compr', 'receb', 'convit', 'event', 'descont', 'exclus', 'i', 'fashion', 'outlet', 'sant', 'catarin', 'local', 'tijuc', 'litor', 'catarin', 'real', 'oferec', 'tod', 'client', 'benefíci', 'viabil', 'através', 'iguatem', 'one', 'program', 'relacion', 'grup', 'iguatem', 'oferec', 'séri', 'benefíci', 'usu', 'cadastr', 'aplic', 'novidad', 'acab', 'cheg', 'sant', 'catarin', 'nov', 'incen', 'fidel', 'conquist', 'públic']",economia,"Já pensou em ser recompensado por suas compras, receber convites para eventos, e ter descontos exclusivos? No I Fashion Outlet Santa Catarina, localizado em Tijucas, no litoral catarinense, isso já é uma realidade oferecida a todos os clientes. Esse benefício é viabilizado através do Iguatemi One, um Programa de Relacionamento do Grupo Iguatemi, que oferece uma série de benefícios aos usuários que se cadastrarem pelo aplicativo. Essa novidade acaba de chegar em Santa Catarina como um novo incentivo para fidelizar e conquistar o público.",[],economia,economia,economia
Ossada achada às margens do Rio Itajaí-Açu em Gaspar pode ser de idosa desaparecida,22/08/2023 - 17:06,"['políci', 'civil', 'acredit', 'identific', 'oss', 'ach', 'mê', 'pass', 'marg', 'rio', 'itajaí-açu', 'gasp', 'consider', 'bot', 'ortopéd', 'document', 'ident', 'encontr', 'cen', 'trata-s', 'idos', 'vist', 'famíl', 'últ', 'vez', 'set', 'ano']",desastre,"A Polícia Civil acredita ter identificado de quem é a ossada achada no mês passado às margens do Rio Itajaí-Açu, em Gaspar. Considerando a bota ortopédica e o documento de identidade encontrado na cena, trata-se de uma idosa vista pela família pela última vez há sete anos.",[],turismo,turismo,desastre
"Cobra flagrada em supermercado de SC buscava comida, diz biólogo: “Já achei em berço de bebê” ",22/08/2023 - 17:00,"['cobr', 'flagr', 'pad', 'supermerc', 'florianópolil', 'nest', 'terça-f', '22', 'local', 'prova', 'busc', 'aliment', 'avali', 'biólog', 'christian', 'raboch', 'lempek', 'especi', 'resgat', 'faun', 'silvestr', 'atu', 'cas', 'assim', 'jaragu', 'sul', 'nort', 'catarin']",outros,"A cobra flagrada na padaria de um supermercado em Florianópolis nesta terça-feira (22) estava no local provavelmente em busca de alimento. A avaliação é do biólogo Christian Raboch Lempek, que é especialista no resgate de fauna silvestre e atua em casos assim em Jaraguá do Sul, no Norte catarinense.",[],outros,outros,outros
5 vitaminas caseiras pós-treino para melhorar o ganho de massa muscular,22/08/2023 - 17:00,"['exercíci', 'pes', 'lev', 'ativ', 'pratiqu', 'fom', 'companh', 'costum', 'aparec', 'após', 'trein', 'princip', 'am', 'muscul', 'porqu', 'corp', 'aument', 'gast', 'energ', 'dur', 'malh', 'sent', 'necess', 'rep', 'calor', 'perd', 'mei', 'com']",saude,"Dos exercícios mais pesados aos leves, seja qual for a atividade que você pratique, a fome é uma companheira que costuma aparecer após o treino, principalmente para os amantes da musculação. Isso porque o corpo aumenta o gasto de energia durante a malhação e sente a necessidade de repor as calorias perdidas por meio da comida.",[],esporte,esporte,esporte
FOTOS: Temporal de granizo deixa paisagem irreconhecível em Lages,22/08/2023 - 16:57,"['cidad', 'lag', 'serr', 'sant', 'catarin', 'registr', 'qued', 'graniz', 'tard', 'dest', 'terça-f', '22', 'imag', 'compartilh', 'red', 'soc', 'possível', 'ver', 'moment', 'pais', 'tom', 'fenômen', 'fic', 'cobert', 'pedr', 'branc']",desastre,"A cidade de Lages, na Serra de Santa Catarina, registrou queda de granizo na tarde desta terça-feira (22). Em imagens compartilhadas nas redes sociais, é possível ver o momento em que a paisagem é tomada pelo fenômeno e fica coberta de “pedras brancas”.",[],turismo,turismo,desastre
Obra muda paisagem e Florianópolis ganha nova praia,22/08/2023 - 16:42,"['florianópolil', 'ganh', 'nov', 'prai', 'engord', 'faix', 'are', 'canasvi', 'jan', '2020', 'provoc', 'surg', 'nov', 'prai', 'canajur', 'jurer']",turismo,"Florianópolis está ganhando uma nova praia. O engordamento da faixa de areia em Canasvieiras, em janeiro de 2020, provocou o surgimento de uma nova praia entre Canajurê e Jurerê.",[],turismo,turismo,turismo
"SC tem alerta para ventos fortes, temporais e até granizo entre terça e quarta-feira",22/08/2023 - 16:41,"['defês', 'civil', 'sant', 'catarin', 'emit', 'alert', 'fort', 'vent', 'terç', '22', 'quarta-f', '23', 'est', 'pod', 'raj', '80', 'quilômetr', 'hor', 'algum', 'áre']",desastre,A Defesa Civil de Santa Catarina emitiu um alerta para fortes ventos entre esta terça (22) e quarta-feira (23). O Estado pode ter rajadas de até 80 quilômetros por hora em algumas áreas.,[],desastre,desastre,desastre
Conheça as características do signo de Virgem,22/08/2023 - 16:30,"['virgem', 'sext', 'sign', 'zod', 'sign', 'mut', 'reg', 'mercúri', 'reg', 'cas', '6', 'map', 'astr', 'nativ', 'dest', 'sign', 'sempr', 'tent', 'aperfeiço', 'açõ', 'ambi', 'redor', 'mei', 'repet', 'cotidi', 'mut', 'conseg', 'adapt', 'deix', 'tud', 'func', 'prát', 'explic', 'astrólog', 'thaí', 'mari']",outros,"Virgem é o sexto signo do zodíaco. Um signo mutável, regido por Mercúrio e que rege a casa 6 do Mapa Astral. Os nativos deste signo estão sempre tentando aperfeiçoar suas ações e o ambiente ao seu redor. “É por meio da repetição do cotidiano e das mutações que eles conseguem adaptar e deixar tudo mais funcional e prático”, explica a astróloga Thaís Mariano.",[],economia,economia,economia
Inter de Lages e Nação Esportes começam a decidir a Série B do Catarinense nesta quarta,22/08/2023 - 16:15,"['int', 'lag', 'naçã', 'esport', 'faz', 'nest', 'quart', '23', 'prim', 'jog', 'final', 'séri', 'b', 'campeonat', 'catarin', 'doi', 'tim', 'garant', 'vag', 'prim', 'divis', 'estad', 'segund', 'jog', 'final', 'doming', '27', 'aren', 'joinvill', 'transmiss', 'viv', 'nsc', 'total']",esporte,"Inter de Lages e Nação Esportes fazem, nesta quarta (23), o primeiro jogo da final da Série B do Campeonato Catarinense. Os dois times já garantiram vaga na primeira divisão do estadual. O segundo jogo da final será no domingo (27) na Arena Joinville, com transmissão ao vivo pelo NSC Total.",[],esporte,turismo,turismo
10 benefícios da linhaça para a saúde e para o emagrecimento,22/08/2023 - 16:00,"['linh', 'conhec', 'sement', 'linh', 'originár', 'reg', 'mediterrâne', 'orient', 'médi', 'long', 'temp', 'espalh', 'divers', 'reg', 'mund', 'ganh', 'reconhec', 'propriedad', 'nutric', 'medic']",saude,"A linhaça, também conhecida como semente de linho, é originária da região mediterrânea e do Oriente Médio. Ao longo do tempo, se espalhou por diversas regiões do mundo e ganhou reconhecimento por suas propriedades nutricionais e medicinais.",[],saude,saude,saude
Floripa Mais Tec prepara jovens para as profissões do futuro,21/08/2023 - 10:44,"['sob', 'holofot', 'turís', 'atra', 'viaj', 'nacion', 'internac', 'prai', 'outr', 'tant', 'bel', 'natur', 'florianópolil', 'desfil', 'nov', 'talent', 'destac', 'univers', 'tecnológ', 'recent', 'capit', 'catarin', 'firm', 'redut', 'inov', 'invest', 'abr', 'caminh', 'futur', 'audaci', 'divers', 'set', '221', 'mil', 'empr', 'tecnolog', 'empr', 'startup', 'outr', 'set', 'cidad', 'ganh', 'outr', 'apel', '‘', 'ilh', 'silíci', '’', 'faz', 'ju', 'mov']",economia,"Sob os holofotes turísticos que atraem viajantes nacionais e internacionais para suas praias e outras tantas belezas naturais, Florianópolis desfila um novo talento e se destaca no universo tecnológico. Recentemente, a capital catarinense se firmou como reduto da inovação, investindo e abrindo caminho para um futuro audacioso em diversos setores. Com mais de 22,1 mil empresas de tecnologia, entre empresas, startups e outros setores, a cidade ganhou outro apelido: ‘Ilha do Silício’, fazendo jus a esse movimento.",[],turismo,turismo,turismo
Botafogo-SP e Chapecoense fazem jogo atrasado pela Série B: veja onde assistir,22/08/2023 - 15:59,"['chapeco', 'botafogo-sp', 'faz', 'próx', 'quart', '23', 'part', 'atras', 'adi', 'julh', 'confront', 'ribe', 'pret', 'sp', 'vál', '17ª', 'rod', 'séri', 'b', 'brasile', 'chap', 'vem', 'vitór', '2', '1', 'contr', 'novorizontin', 'doming', '20', 'lut', 'sair', 'z-4']",esporte,"Chapecoense e Botafogo-SP fazem na próxima quarta (23) partida atrasada, que foi adiada em julho. O confronto será em Ribeirão Preto (SP) e é válido pela 17ª rodada da Série B do Brasileirão. A Chape vem de uma vitória de 2 a 1 contra o Novorizontino, no domingo (20), e luta para sair do Z-4.",[],esporte,esporte,esporte
Bolsonaro faz harmonização facial de R$ 84 mil; veja antes e depois,22/08/2023 - 15:57,"['ex-presid', 'jair', 'bolsonar', 'pl', 'submet', 'harmon', 'fac', 'sorris', 'result', 'divulg', 'noit', 'dest', 'segunda-f', '21', 'dent', 'rild', 'lasm', 'respons', 'proced', 'conhec', 'aplic', 'lent', 'contat', 'dent', 'outr', 'personal']",economia,"O ex-presidente Jair Bolsonaro (PL) se submeteu a uma harmonização facial e do sorriso. O resultado foi divulgado na noite desta segunda-feira (21) pelo dentista Rildo Lasmar, responsável pelo procedimento e já conhecido por aplicar lentes de contato também nos dentes de outras personalidades.",[],saude,desastre,saude
"Márcio Goiano sobre o Figueirense: “o futebol é caro, mas você paga pelos erros”",22/08/2023 - 15:50,"['capitã', 'tricampeonat', '2002-2004', 'técn', 'acess', 'séri', '2010', 'márci', 'goian', 'refer', 'fort', 'histór', 'recent', 'figueir', 'entrevist', 'cim', 'lanc', 'dest', 'terça-f', 'program', 'cbn', 'florip', 'inici', 'séri', 'entrev', 'nom', 'histór', 'club', 'nest', 'seman', 'decis', 'contr', 'manau', 'val', 'perman', 'séri', 'c', 'brasil']",esporte,"Capitão do tricampeonato 2002-2004, técnico do acesso à Série A de 2010, Márcio Goiano, uma das referências mais fortes da história recente do Figueirense, foi o entrevistado do Em Cima do Lance desta terça-feira. O programa da CBN Floripa iniciou uma série de entrevistas com nomes históricos do clube nesta semana da decisão contra o Manaus, que vale a permanência na Série C do Brasileiro. ",[],esporte,esporte,esporte
Os 14 famosos formados em cursos inimagináveis,22/08/2023 - 15:42,"['prova', 'conseg', 'imagin', 'celebr', 'natali', 'portman', 'faz', 'alg', 'além', 'atu', 'ent', 'can', 'sandy', 'faz', 'alg', 'além', 'cant', 'imagin', 'saib', 'muit', 'fam', 'busc', 'sair', 'carr', 'aventur', 'outr', 'form', 'acadêm', 'acredit', 'exist', 'muit', 'fam', 'form', 'curs', 'inimagin']",outros,"Você provavelmente não consegue imaginar celebridades como Natalie Portman fazendo algo além de atuar, ou então, uma cantora como Sandy fazendo algo além de cantar. Mas, mesmo que você não imagine, saiba que muitos famosos buscaram sair fora de suas carreiras e até se aventuraram em outras formações acadêmicas. E acredite: existem muitos famosos formados em cursos inimagináveis.",[],outros,outros,outros
Quadrilha especializada em roubo de cofres é alvo da polícia em SC e no PR,22/08/2023 - 15:28,"['quadrilh', 'especi', 'roub', 'cofr', 'comérci', 'alv', 'oper', 'políci', 'civil', 'paran', 'pcpr', 'sant', 'catarin', 'pcsc', 'cumpr', 'set', 'mand', 'busc', 'apreens', 'joinvill', 'araquar', 'francisc', 'beltr', 'pr', 'marmel', 'pr']",desastre,"Uma quadrilha especializada em roubo de cofres de comércios foi alvo de uma operação da Polícia Civil do Paraná (PCPR) e de Santa Catarina (PCSC). Foram cumpridos sete mandados de busca e apreensão, em Joinville, Araquari, Francisco Beltrão (PR) e Marmeleiro (PR).",[],economia,desastre,economia
Capacitação profissional para indústria 4.0 é estratégia do SENAI,21/08/2023 - 09:45,"['man', 'efet', 'faz', 'marc', 'reconhec', 'long', 'ano', 'capacit', 'profiss', 'process', 'contínu', 'adquir', 'habil', 'conhec', 'compet', 'relev', 'determin', 'áre', 'atu', 'pod', 'vári', 'impact', 'posi', 'construç', 'marc', 'reconhec', 'bem-suced']",economia,"Uma das maneiras mais efetivas de fazer uma marca ser reconhecida ao longo dos anos é a capacitação profissional. O processo contínuo de adquirir habilidades, conhecimentos e competências relevantes para uma determinada área de atuação pode ter vários impactos positivos na construção de uma marca reconhecida e bem-sucedida.",[],economia,economia,economia
123 Milhas entra na mira no Ministério Público de SC após suspender passagens promocionais,22/08/2023 - 15:26,"['cancel', 'pass', 'promoc', '123', 'milh', 'pass', 'alv', 'nest', 'segunda-f', '21', 'apur', 'minist', 'públic', 'catarin', 'mpsc', 'acat', 'ped', 'associ', 'proconsum', 'sant', 'catarin', 'órg', 'instaur', 'notíc', 'fat', 'sobr', 'cas', 'espéci', 'averigu', 'prév', 'decid', 'abr', 'investig', 'contr', 'empr']",turismo,"O cancelamento de passagens promocionais da 123 Milhas passou a ser alvo, nesta segunda-feira (21), de uma apuração do Ministério Público catarinense (MPSC), que acatou um pedido da Associação ProConsumidor de Santa Catarina. O órgão instaurou uma notícia de fato sobre o caso, uma espécie de averiguação prévia para decidir se abre ou não uma investigação contra a empresa.",[],turismo,turismo,turismo
 Blumenau define as datas dos desfiles de Natal em 2023; veja o calendário,22/08/2023 - 15:22,"['desfil', 'natal', 'blumenau', '2023', 'dat', 'acontec', 'tod', 'set', 'apresent', 'prev', 'ano', 'send', 'cinc', 'rua', 'albert', 'stein', 'frent', 'vil', 'germân', 'doi', 'curt', 'hering', 'dia', '25', 'novembr', '21', 'dezembr']",turismo,"Os desfiles do Natal em Blumenau de 2023 já têm data para acontecer. Ao todo, sete apresentações estão previstas para este ano, sendo cinco na Rua Alberto Stein, em frente à Vila Germânica, e dois na Curt Hering, entre os dias 25 de novembro e 21 de dezembro.",[],outros,outros,outros
"Homem furta porco de R$ 150, ameaça testemunha de morte e é condenado em SC",22/08/2023 - 15:13,"['roub', 'porc', 'avali', 'r', '150', 'termin', 'conden', 'morr', 'grand', 'sul', 'sant', 'catarin', 'hom', 'acus', 'furt', 'animal', 'log', 'ameaç', 'testemunh', 'mort', 'pen', 'cinc', 'mes', 'dez', 'dia', 'pris', 'regim', 'semiabert', 'determin', 'justiç', 'est']",desastre,"O roubo de um porco avaliado em R$ 150 terminou em condenação em Morro Grande, no Sul de Santa Catarina. O homem acusado de furtar o animal e logo depois ameaçar uma testemunha de morte teve pena de cinco meses e dez dias de prisão, em regime semiaberto, determinada pela Justiça do Estado.",[],desastre,desastre,desastre
Veja como a radiestesia pode beneficiar os animais de estimação,22/08/2023 - 15:00,"['tal', 'ocorr', 'indivídu', 'human', 'animal', 'enfrent', 'quest', 'saúd', 'psicológ', 'comportament', 'inclu', 'ansiedad', 'estr', 'depress', 'perd', 'apetit', 'auxili', 'ness', 'process', 'recuper', 'problem', 'afet', 'animal', 'estim', 'abord', 'terap', 'ganh', 'reconhec', 'veterin', 'tut', 'radiestes']",saude,"Tal como ocorre com os indivíduos humanos, os animais também enfrentam questões de saúde, psicológicas e comportamentais, incluindo ansiedade, estresse, depressão e perda de apetite. Para auxiliar nesse processo de recuperação dos problemas que afetam os animais de estimação, uma abordagem terapêutica está ganhando reconhecimento entre os veterinários e tutores: a radiestesia.",[],saude,saude,saude
Cidade de SC investe R$ 5 milhões em vigilantes desarmados para escolas,22/08/2023 - 14:58,"['part', 'dest', 'terça-f', '22', 'pass', 'atu', 'nov', 'vigil', 'respons', 'faz', 'seguranç', 'entr', 'escol', 'centr', 'municip', 'educ', 'jaragu', 'sul', 'med', 'contrat', 'seguranç', 'priv', 'anunci', 'abril', 'após', 'ataqu', 'blumenau']",economia,"A partir desta terça-feira (22), passam a atuar novos vigilantes responsáveis por fazer a segurança na entrada de escolas e centros municipais de educação de Jaraguá do Sul. As medidas para a contratação de segurança privada foram anunciadas em abril, após o ataque em Blumenau.",[],economia,economia,economia
Terceiro fim de semana do Floripa Conecta tem shows e festivais em Florianópolis,18/08/2023 - 10:07,"['espetácul', 'músic', 'instrument', 'show', 'festiv', 'program', 'dest', 'fim', 'seman', 'florip', 'conect', '2023', 'sext', '18', 'noit', 'program', 'music', 'começ', 'espetácul', 'samb', 'boss', 'franc', 'carolin', 'brum', 'cas', 'teatr', 'arm', 'praç', 'xv']",turismo,"Espetáculos de música instrumental, shows e festivais estão na programação deste fim de semana no Floripa Conecta 2023. Na sexta (18) à noite, a programação musical começa com o espetáculo Sambas e Bossas em Francês por Carolina Brum, na Casa do Teatro Armação, na Praça XV. ",[],turismo,turismo,desastre
Prefeitura de Florianópolis abre concurso para área da educação; veja lista de vagas,22/08/2023 - 14:51,"['prefeit', 'municip', 'florianópolil', 'public', 'edit', 'concurs', 'públic', 'áre', 'educ', 'períod', 'inscr', 'começ', 'nest', 'sáb', '26', 'vai', '26', 'setembr', 'salári', 'var', 'r', '2298', 'r', '5064']",economia,A Prefeitura Municipal de Florianópolis publicou o edital do concurso público para área da educação. O período de inscrições começa neste sábado (26) e vai até 26 de setembro. Os salários variam de R$ 2.298 a R$ 5.064.,[],economia,economia,economia
VÍDEO: Preta Gil anuncia cirurgia bem sucedida para retirada de tumor: “O amor me curou”,22/08/2023 - 14:47,"['can', 'pret', 'gil', 'anunci', 'public', 'red', 'soc', 'nest', 'terça-f', '22', 'sid', 'sucess', 'cirurg', 'retir', 'tumor', 'ret', 'submet', 'afirm', 'est', 'livr', 'célul', 'cancerígen', 'cur', 'doenç', 'aind', 'envolv', 'process', 'reabilit']",saude,"A cantora Preta Gil anunciou, em publicação nas redes sociais nesta terça-feira (22), ter sido um sucesso a cirurgia para retirada de um tumor no reto à qual foi submetida. Ela afirmou estar livre das células cancerígenas e que a cura da doença ainda envolverá um processo de reabilitação.",[],saude,saude,saude
VÍDEO: Jogadores do Manchester City disputam campeonato de ping-pong,22/08/2023 - 14:47,"['ant', 'próx', 'confront', 'premi', 'leag', 'doming', '27', 'jog', 'manchest', 'city', 'resolv', 'disput', 'outr', 'tip', 'campeonat', 'dest', 'vez', 'estrel', 'tim', 'ingl', 'particip', 'campeonat', 'ping-pong']",esporte,"Antes do próximo confronto da Premier League, no domingo (27), os jogadores do Manchester City resolveram disputar outro tipo de campeonato. Desta vez, as estrelas do time inglês, participaram de um campeonato de ping-pong.",[],esporte,esporte,esporte
Gastos de catarinenses crescem 32% em viagens internacionais; veja países preferidos,22/08/2023 - 14:33,"['gast', 'catarin', 'viag', 'país', 'aument', '32', 'julh', 'compar', 'períod', 'ano', 'pass', 'acord', 'estud', 'itaú', 'unibanc', 'divulg', 'exclus', 'nsc', 'total', 'est', 'unid', '21', 'país', 'baix', '10', 'argentin', '8', 'país', 'ond', 'turist', 'sant', 'catarin', 'gast']",economia,"Os gastos dos catarinenses em viagens para fora do país aumentaram 32% em julho, na comparação com o mesmo período do ano passado, de acordo com um estudo do Itaú Unibanco divulgado com exclusividade ao NSC Total. Estados Unidos (21%), Países Baixos (10%) e Argentina (8%) são os países onde os turistas de Santa Catarina mais gastaram.",[],turismo,turismo,turismo
5 dicas para se proteger da violência patrimonial,22/08/2023 - 14:30,"['mund', 'ond', 'convers', 'sobr', 'abus', 'frequ', 'concentr', 'agress', 'físic', 'verb', 'form', 'sutil', 'viol', 'permanec', 'ocult', 'ating', 'silencios', 'autonom', 'dign', 'autoest', 'vítim']",desastre,"Em um mundo onde as conversas sobre abuso frequentemente se concentram em agressões físicas e verbais, há uma forma sutil de violência que permanece oculta, atingindo silenciosamente a autonomia, dignidade e autoestima das vítimas.",[],desastre,desastre,outros
Como é a surpreendente kitnet à venda por valor milionário em Balneário Camboriú,22/08/2023 - 14:21,"['leu', 'err', 'kitnet', '33', 'metr', 'quadr', 'post', 'vend', 'r', '15', 'milhã', 'balne', 'camboriú', 'frent', 'prai', 'centr', 'imóvel', 'viraliz', 'red', 'soc', 'youtub', 'fez', 'tour', 'local']",economia,"Você não leu errado. Uma kitnet de 33 metros quadrados foi posta à venda por R$ 1,5 milhão em Balneário Camboriú. De frente para a Praia Central, o imóvel viralizou nas redes sociais depois que um youtuber fez um “tour” pelo local.",[],economia,turismo,economia
Chiodini renuncia ao cargo e é 3° prefeito da região Norte a pedir afastamento na semana,22/08/2023 - 14:13,"['luil', 'antôni', 'chiodin', 'pp', 'guaramirim', 'protocol', 'ped', 'renúnc', 'câm', 'vere', 'nest', 'terça-f', '22', 'torna-s', 'terc', 'prefeit', 'reg', 'nort', 'ped', 'afast', 'carg', 'nest', 'seman']",economia,"Luis Antônio Chiodini (PP), de Guaramirim, protocolou o pedido de renúncia na Câmara de Vereadores nesta terça-feira (22) e, com isso, torna-se o terceiro prefeito da região Norte a pedir afastamento do cargo nesta semana.",[],economia,economia,economia
Avaí 100 anos: vote no maior goleiro da história e monte a seleção do centenário,22/08/2023 - 14:05,"['avaí', 'complet', '100', 'ano', 'dia', '1º', 'setembr', 'nsc', 'qu', 'torc', 'avai', 'escal', 'seleç', 'melhor', 'jog', 'leã', 'ilh', 'nest', 'períod', 'vai', 'funcion', 'assim', 'tim', 'setor', 'comentar', 'nsc', 'tv', 'nsc', 'total', 'cbn', 'florip', 'glob', 'esport', 'geglob', 'selecion', 'algum', 'princip', 'nom', 'cad', 'pos', 'tod', 'temp']",esporte,"O Avaí completa 100 anos no dia 1º de setembro e a NSC quer que o torcedor avaiano escale a seleção com os melhores jogadores do Leão da Ilha neste período. Vai funcionar assim: nosso time de setoristas e comentaristas da NSC TV, NSC Total, CBN Floripa, Globo Esporte e ge.globo selecionaram alguns dos principais nomes em cada posição em todos os tempos.",[],esporte,esporte,esporte
5 curiosidades sobre a mulher do signo de Escorpião,22/08/2023 - 14:00,"['escorp', 'oitav', 'sign', 'zod', 'reg', 'plut', 'co-reg', 'planet', 'mart', 'reg', 'cas', '8', 'map', 'astr', 'element', 'águ', 'caus', 'diss', 'mulh', 'dest', 'sign', 'pesso', 'enigmá', 'intens', 'profund', 'tud', 'propõ', 'faz', 'poi', 'arquétip', 'dest', 'sign', 'represent', 'mergulh', 'profund', 'dand', 'habil', 'aprofund', 'quest']",outros,"Escorpião é o oitavo signo do zodíaco. Regido por Plutão e co-regido pelo planeta Marte, ele rege a casa 8 do Mapa Astral e o seu elemento é a água. Por causa disso, as mulheres deste signo são pessoas enigmáticas, intensas e profundas em tudo o que se propõem a fazer, pois o arquétipo deste signo representa um mergulho nas profundezas, dando a elas a habilidade de se aprofundar em questões.",[],turismo,turismo,turismo
Prefeitura de Florianópolis promove campanha de adoção de animais,17/08/2023 - 11:51,"['final', 'proporc', 'lar', 'famíl', 'animal', 'sob', 'tutel', 'diret', 'bem-est', 'animal', 'prefeit', 'florianópolil', 'promov', 'campanh', 'adot', 'dibe', 'órg', 'atual', '212', 'animal', 'sob', 'respons', 'dest', '140', 'abrig', 'sed', 'inclu', '125', 'cachorr', '15', 'gat', 'além', 'diss', 'exist', '72', 'animal', 'lar', 'tempor', 'tod', 'suport', 'fornec', 'diret']",outros,"Com a finalidade de proporcionar um lar e uma família para os animais que estão sob tutela da Diretoria de Bem-Estar Animal, a Prefeitura de Florianópolis está promovendo a Campanha Adote na Dibea. O órgão atualmente tem 212 animais sob sua responsabilidade. Destes, 140 estão abrigados na sede, incluindo 125 cachorros e 15 gatos. Além disso, existem 72 animais em lar temporário, com todo o suporte fornecido pela Diretoria.",[],economia,economia,desastre
VÍDEO: Cobra é encontrada em cima de pães em famosa rede de supermercados em Florianópolis,22/08/2023 - 13:48,"['cobr', 'encontr', 'sobr', 'pão', 'áre', 'confeit', 'supermerc', 'angelon', 'florianópolil', 'manhã', 'dest', 'terça-f', '22', 'cas', 'ocorr', 'volt', '11h', 'estabelec', 'bairr', 'sac', 'grand', 'reg', 'nort', 'capit', 'catarin']",outros,"Uma cobra foi encontrada sobre os pães na área de confeitaria do supermercado Angeloni, em Florianópolis, na manhã desta terça-feira (22). O caso ocorreu por volta das 11h no estabelecimento do bairro Saco Grande, região Norte da capital catarinense.",[],outros,outros,outros
FOTOS: O que está previsto para marina em construção em cidade de SC,22/08/2023 - 13:15,"['apont', 'prefeit', 'araquar', 'vir', 'chav', 'desenvolv', 'turís', 'cidad', 'club', 'náu', 'construç', 'barr', 'itapocu', 'divid', 'trê', 'fas', 'prim', 'etap', 'conclu', '2024', 'conform', 'estim', '–', 'obr', 'and', 'mes', 'demal', 'entreg', '2025', '2026', 'club', 'náu', 'marin', '300', 'embarc', 'send', 'instal', 'áre', 'litorâne', 'araquar', 'frent', 'lago', 'cruz', 'local', 'próx', 'br-101']",economia,"Apontado pela prefeitura de Araquari como “virada de chave” no desenvolvimento turístico da cidade, o clube náutico em construção na Barra do Itapocu é dividido em três fases, com primeira etapa a ser concluída em 2024, conforme as estimativas – as obras estão em andamento há meses. As demais serão entregues entre 2025 e 2026. O clube náutico, com marina para 300 embarcações, está sendo instalado na área litorânea de Araquari, em frente à Lagoa da Cruz, em local próximo da BR-101.",[],economia,economia,turismo
Homem que perdeu visão após bomba de gás em ação policial vai receber R$ 75 mil de indenização,22/08/2023 - 13:15,"['hom', 'perd', 'vis', 'após', 'ating', 'pedr', 'lanç', 'bomb', 'gás', 'lacrimogêne', 'políci', 'milit', 'sant', 'catarin', 'pmsc', 'receb', 'inden', 'r', '75', 'mil', 'cas', 'ocorr', 'dur', 'fest', 'rio', 'fortun', 'sul', 'sant', 'catarin']",desastre,"Um homem que perdeu a visão após ser atingido por uma pedra lançada por uma bomba de gás lacrimogêneo pela Polícia Militar de Santa Catarina (PMSC) receberá uma indenização de R$ 75 mil. O caso ocorreu durante uma festa em Rio Fortuna, no Sul de Santa Catarina.",[],desastre,desastre,desastre
SC quer dobrar o número de escolas militares e finalizar projeto das “novas” cívico-militares,22/08/2023 - 13:09,"['long', 'entrev', 'dur', 'convers', 'notíc', 'manhã', 'cbn', 'florip', 'secret', 'est', 'educ', 'aristid', 'cimadon', 'confirm', 'govern', 'vai', 'mant', 'escol', 'cívico-mil', 'qu', 'ampli', 'cinc', 'onz', 'escol', 'milit']",economia,"Foi uma longa entrevista. Durante a conversa no Notícia na Manhã da CBN Floripa, o secretário de Estado da Educação, Aristides Cimadon, confirmou que o governo vai manter as escolas cívico-militares e quer ampliar, de cinco para onze, as escolas militares. ",[],economia,economia,economia
 Badalada grife de moda anuncia chegada a Blumenau com evento para clientes,22/08/2023 - 13:07,"['brooksfield', 'badal', 'grif', 'mod', 'masculin', 'abr', 'port', 'neumarkt', 'shopping', 'blumenau', 'receb', 'convid', 'client', 'event', 'própr', 'loj', 'anunci', 'cheg', 'cidad']",outros,"A Brooksfield, badalada grife de moda masculina que abriu as portas no Neumarkt Shopping, em Blumenau, recebeu convidados e clientes para um evento na própria loja, anunciando a chegada na cidade.",[],turismo,turismo,turismo
Próximo Picnic Itapema já tem data definida e acontecerá na Pedra Branca,17/08/2023 - 10:55,"['tal', 'curt', 'tard', 'difer', 'ouv', 'músic', 'boa', 'boa', 'companh', 'propost', 'ediç', 'picnic', 'itapem', 'event', 'dia', 'hor', 'defin', 'pod', 'perd', 'marqu', 'aí', 'sáb', 'dia', '26', 'agost', 'part', '15h', 'tard']",turismo,"Que tal curtir uma tarde diferente, ouvindo música boa e em boa companhia? Essa é a proposta de mais uma edição do Picnic Itapema. O evento já tem dia e horário definidos e você não pode perder! Marque aí: Será no sábado, dia 26 de agosto, a partir das 15h da tarde.",[],turismo,turismo,esporte
Caminhão perde o freio e colide contra portão de casa em Chapecó,22/08/2023 - 13:05,"['caminh', 'fic', 'frei', 'desc', 'rua', 'so', 'par', 'soment', 'após', 'bat', 'contr', 'portã', 'cas', 'chapecó', 'oest', 'sant', 'catarin', 'gar', 'imóvel', 'destru', 'impact', 'acid', 'acontec', 'rua', 'caigang', 'bairr', 'esplan', 'volt', '7h20', 'dest', 'terça-f', '22']",desastre,"Um caminhão ficou sem freio, desceu uma rua sozinho e parou somente após bater contra o portão de uma casa em Chapecó, no Oeste de Santa Catarina. A garagem do imóvel foi destruída pelo impacto. O acidente aconteceu na rua Caigangue, no bairro Esplanada, por volta das 7h20 desta terça-feira (22).",[],desastre,desastre,desastre
5 dicas para ter sucesso nos negócios,22/08/2023 - 13:05,"['empreendedor', 'tom', 'forç', 'brasil', 'últ', 'ano', 'continu', 'desenvolv', 'segund', 'dad', 'agênc', 'sebra', 'notíc', 'apen', 'trê', 'prim', 'mes', 'dest', 'ano', 'cri', 'cerc', '214413', 'micr', 'pequen', 'empr', 'númer', '92', 'superi', '2022', 'abert', '196328', 'mil', 'micr', 'pequen', 'empr', 'aind', 'mai', '2019', 'registr', '1134', 'mil', 'formal']",economia,"O empreendedorismo tomou força no Brasil nos últimos anos e continua se desenvolvendo. Segundo dados da Agência Sebrae de Notícias, apenas nos três primeiros meses deste ano foram criadas cerca de 214.413 micro e pequenas empresas. O número é 9,2% superior ao de 2022, quando foram abertas 196.328 mil micro e pequenas empresas, e ainda maior do que em 2019, quando foram registradas 113,4 mil formalizações.",[],economia,economia,economia
"Oktoberfest Blumenau 2023 abre vagas de trabalho para limpeza, segurança, entre outras",22/08/2023 - 12:45,"['abert', 'vag', 'trabalh', 'oktoberfest', 'blumenau', '2023', 'centen', 'post', 'coloc', 'dispos', 'àquel', 'inter', 'trabalh', 'dur', '19', 'dia', 'fest', 'ocorr', '4', '22', 'outubr', 'vag', 'áre', 'seguranç', 'higien', 'caix', 'própr', 'cervej', 'vej', 'abaix', 'inscrev']",economia,"Estão abertas vagas de trabalho para a Oktoberfest Blumenau 2023. São centenas de postos colocados à disposição àqueles que têm o interesse em trabalhar durante os 19 dias de festa, que ocorre de 4 a 22 de outubro. São vagas em áreas como de segurança, higienização, caixas e também nas próprias cervejarias (veja abaixo como se inscrever).",[],outros,outros,outros
5 saladas ricas em proteínas para aumentar a massa muscular,22/08/2023 - 12:35,"['proteín', 'nutri', 'fundament', 'funcion', 'organ', 'respons', 'construç', 'pel', 'múscul', 'oss', 'outr', 'tec', 'subst', 'favorit', 'desej', 'aument', 'hipertrof', 'pres', 'pratic', 'tod', 'aliment', 'espec', 'frut', 'legum', 'peix', 'grã', 'além', 'diss', 'dev', 'variedad', 'opç', 'ideal', 'inclu', 'refe', 'vari', 'aliment', 'form', 'saud']",saude,"A proteína é um nutriente fundamental para o funcionamento do organismo. Responsável pela construção de pele, músculos, ossos e outros tecidos, ela é uma das substâncias favoritas de quem deseja aumentar a hipertrofia e está presente em praticamente todos os alimentos, especialmente nas frutas, nos legumes, peixes e grãos. Além disso, devido à variedade, é a opção ideal para incluir nas refeições e variar os alimentos de forma saudável. ",[],saude,saude,saude
JEC homenageará ex-goleiro Raul Bosse em camisa especial na estreia da Copa SC,22/08/2023 - 12:32,"['joinvill', 'esport', 'club', 'far', 'homen', 'ex-gol', 'pentacamp', 'catarin', 'raul', 'boss', 'estre', 'cop', 'sant', 'catarin', 'di', 'figueir', 'próx', 'quarta-f', '30', 'aren', 'joinvill', 'ídol', 'tricol', 'morr', 'últ', 'sexta-f', '18', '78', 'ano']",esporte,"O Joinville Esporte Clube fará uma homenagem ao ex-goleiro pentacampeão catarinense Raul Bosse na estreia da Copa Santa Catarina, diante do Figueirense, na próxima quarta-feira (30), na Arena Joinville. O ídolo Tricolor morreu na última sexta-feira (18), aos 78 anos.",[],esporte,desastre,esporte
A importância do ERP Sankhya na gestão empresarial,17/08/2023 - 10:33,"['par', 'pens', 'desenvolv', 'gest', 'empresar', 'desempenh', 'papel', 'vital', 'melh', 'efici', 'produt', 'capac', 'tom', 'decis', 'organiz', 'afinal', 'capacit', 'empr', 'enfrent', 'desafi', 'complex', 'otimiz', 'oper', 'adapt', 'mudanç', 'merc', 'form', 'eficaz', 'desd', 'fornec', 'softw', 'soluç', 'tecnológ', 'gerenc', 'efici', 'process', 'recurs', 'nest', 'cen', 'inser', 'sankhy', 'plen', 'expans', 'sant', 'catarin']",economia,"Você já parou para pensar que as desenvolvedoras de gestão empresarial desempenham um papel vital na melhoria da eficiência, produtividade e capacidade de tomada de decisão das organizações? Afinal, elas capacitam as empresas a enfrentarem desafios complexos, otimizar suas operações e se adaptar às mudanças do mercado de forma mais eficaz, desde o fornecimento de softwares e soluções tecnológicas até o gerenciamento eficientemente dos processos e recursos. É neste cenário que está inserida a Sankhya, em plena expansão por Santa Catarina.",[],economia,economia,economia
“Estamos de olho” diz TCE/SC sobre aplicação de recursos de emendas parlamentares,22/08/2023 - 12:24,"['tribun', 'cont', 'est', 'tcesc', 'olh', 'transfer', 'espec', 'municípi', 'via', 'emend', 'parlament', 'imposi']",economia,"O Tribunal de Contas do Estado (TCE/SC) está “de olho” nas transferências especiais aos municípios, via emendas parlamentares impositivas.",[],economia,economia,economia
"Bolsonaro pediu para empresário espalhar fake news antes de eleições, diz PF",22/08/2023 - 12:18,"['políci', 'feder', 'encontr', 'mens', 'orient', 'dissemin', 'fak', 'new', 'part', 'ex-presid', 'jair', 'bolsonar', 'pl', 'inform', 'public', 'blog', 'jornal', 'daniel', 'lim', 'port', 'g1']",economia,"A Polícia Federal encontrou uma mensagem com orientação para disseminação de fake news partindo do ex-presidente Jair Bolsonaro (PL). A informação foi publicada no blog da jornalista Daniela Lima, do portal g1.",[],economia,economia,economia
"Quais são as fases da gripe, dicas e tratamentos",22/08/2023 - 11:56,"['consider', 'infecç', 'viral', 'respiratór', 'comum', 'grip', 'pod', 'divid', 'algum', 'estági', 'fas', 'doenç', 'vão', 'desd', 'contat', 'inic', 'víru', 'influenz', 'recuper', 'total', 'compreend', 'cicl', 'pod', 'ajud', 'hor', 'defin', 'melhor', 'trat', 'clar', 'aqu', 'fal', 'situ', 'corric', 'diz', 'respeit', 'grip', 'qualqu', 'cen', 'porém', 'recomend', 'pesso', 'busqu', 'ajud', 'médic']",saude,"Considerada uma infecção viral respiratória comum, a gripe pode ser dividida em alguns estágios. Essas fases da doença vão desde o contato inicial com o vírus influenza até a recuperação total. Compreender esse ciclo pode ajudar na hora de definir o melhor tratamento. Claro, aqui estamos falando de situações corriqueiras no que diz respeito à gripe. Em qualquer cenário, porém, a recomendação é que a pessoa busque ajuda médica.",[],saude,saude,saude
Dia de Nossa Senhora Rainha: 3 orações para celebrar a data,22/08/2023 - 11:50,"['dia', '22', 'agost', 'trad', 'catól', 'celebr', 'dia', 'senh', 'rainh', 'ocas', 'profund', 'signific', 'fiel', 'mar', 'mãe', 'jesu', 'honr', 'sob', 'títul', 'rainh', 'reconhec', 'papel', 'espec', 'histór', 'salv', 'interces', 'junt', 'deu', 'devoç', 'rainh', 'intrinsec', 'lig', 'am', 'devoç', 'cristã', 'redor', 'mund']",outros,"No dia 22 de agosto, a tradição católica celebra o “Dia de Nossa Senhora Rainha”, uma ocasião de profundo significado para os fiéis. Maria, a Mãe de Jesus, é honrada sob o título de “Rainha” em reconhecimento ao seu papel especial na história da salvação e como intercessora junto a Deus. Sua devoção como Rainha está intrinsecamente ligada ao amor e à devoção dos cristãos ao redor do mundo.",[],turismo,turismo,turismo
